Course ID,Title,DPT Code,Department,Faculty Supervisor,Terms,Openings per Term,Posted,Expires,Delivery Method,Description,Student Roles,Academic Outcomes,Training & Mentorship,Selection Criteria,Required Documents
4602,Developing a mineral deposit exploration project using legacy data and machine learning,ESS,Earth Sciences,"Andrei Swidinsky, Daniel Gregory",Summer 2025 Y-course (1.0),4,"February 16, 2025","March 16, 2025",In Person,"In this project, students will work in a team to enter a global mineral exploration challenge (the Frank Arnott Challenge). The team will select an area and be given geologic, geophysical, and geochemical datasets that they will use to identify the most prospective subregion for mineral exploration.","Students will fill roles depending on their academic background; geology students will work with geophysics students to model the 3D geology, while data science students will work with geoscience students to use machine learning. Business or mining engineering students could focus on determining economic subregions.","Students will obtain firsthand experience in target generation, hands-on experience using Leapfrog and Geosoft, and experience writing exploration proposals and giving presentations.","Students will gain mentorship from both supervisors and graduate students, plus industry mentors from the contest. Final product assessed by expert judges.","Students will be selected based on GPA and unique expertise in geophysics, geology, geochemistry, machine learning, mining engineering or business.","Resume/CV, Letter of Intent, Unofficial University Transcripts"
4603,Neurobiology of motivation and Neural stem cells,MGY,Molecular Genetics and Microbiology,Derek van der Kooy,"Fall/Winter 2025-26 Y-course (1.0), Summer 2025 Y-course (1.0)",2,"February 16, 2025","March 16, 2025",In Person,Two projects: 1) Studying opiate reward pathways in the ventral midbrain 2) Studying primitive and definitive neural stem cells that persist into adult brain,"ROP students will learn sterile techniques, biosafety level 1, data collection and analysis. Students will present at weekly chalk talks and biweekly journal club meetings.","Technical skills in autoclaving, microscopy, screening, behavioral assays, pipetting, DNA analysis, mouse breeding, and data analysis.",Students will be supervised by Dr. van der Kooy and an experienced laboratory technician.,"Two-step selection: 1) Application screening and interview invitation 2) Final selection based on enthusiasm for research, personality fit, and academic performance","Resume/CV, Letter of Intent, Unofficial University Transcripts"
4604,Toronto General Hospital- The Good Hope Ehlers-Danlos Clinic Patient Registry Project,,Temerty Faculty of Medicine,Hance Clarke,Fall/Winter 2025-26 Y-course (1.0),2,"February 16, 2025","March 16, 2025",Hybrid,"Project designed to understand phenotypes, genotypes, and treatment outcomes for EDS clinic patients to guide diagnosis and management.",Students will extract data from electronic patient records (EPIC) for clinical database registry. May include shadowing physicians and clinicians.,"Experience with EDS patient population, research analysis, research techniques, scientific writing, and literature reviews.",Students will be trained and supervised by research mentor and supervisor Dr. Hance Clarke.,"Selection based on GPA, previous research/clinical experience, and project interest.","Resume/CV, Letter of Intent, Unofficial University Transcripts"
4605,The Toronto General Hospital- The Transitional Pain Service Project,,Temerty Faculty of Medicine,Hance Clarke,Fall/Winter 2025-26 Y-course (1.0),2,"February 16, 2025","March 16, 2025",Hybrid,"Observational database project evaluating the Transitional Pain Service Program at Toronto General Hospital, aimed at helping patients reduce pain and improve opioid monitoring post-surgery.",Students will extract data from electronic patient records (EPIC) for clinical database. May include shadowing physicians and clinicians.,"Experience with TPS patient population, research analysis, research techniques, scientific writing, and literature reviews.",Students will be trained and supervised by research mentor and supervisor Dr. Hance Clarke.,"Selection based on GPA, previous research/clinical experience, and project interest.","Resume/CV, Letter of Intent, Unofficial University Transcripts"
4606,Game Design for Forensic Science Education,CSC,Computer Science,Steven Engels & Vivenne Luk,Summer 2025 Y-course (1.0),6,"February 16, 2025","March 16, 2025",Hybrid,"Creating an educational video game teaching forensic science skills including evidence collection, lab analysis, and court presentation.","Students will create scenarios in virtual crime scene simulation, working with Forensic Science faculty to model evidence collection, lab analysis, and courtroom presentation.","Introduction to game design, user interface design, client interactions, and understanding of forensic analysis and assessment preparation.","Weekly instruction on game design, UI/UX, guidance from student mentors on ren'py framework.",Must have A grade in university computer science courses. UI/game design experience preferred.,"Resume/CV, Letter of Intent, Unofficial University Transcripts"
4607,Genetics and development in nematode evolution,EEB,Ecology and Evolutionary Biology,Asher Cutter,"Fall/Winter 2025-26 Y-course (1.0), Summer 2025 Y-course (1.0)",2,"February 16, 2025","March 16, 2025",In Person,"Experimental research with Caenorhabditis bacteria-feeding nematodes, involving genetic crosses and data collection.","Conducting experimental treatments, genetic crosses, collecting data, using microscopy, statistical analysis, and participating in lab meetings.","Research skills in lab equipment use, protocols, literature searching, experimental design, data analysis, and communication skills.",Weekly meetings with faculty supervisor and day-to-day mentorship from graduate students. Team mentorship in weekly lab meetings.,"Prior research experience, marks in science courses, interest in subject area.","Resume/CV, Letter of Intent, Unofficial University Transcripts"
4608,Systems with Quantum Electronic Behaviour Nanoengineered from the bottom-up,CHM,Chemistry,Al-Amin Dhirani,"Fall/Winter 2025-26 Y-course (1.0), Summer 2025 Y-course (1.0)",2,"February 16, 2025","March 16, 2025",In Person,"Research on using nanostructures as building blocks to fabricate quantum systems and study their behaviour, with applications in quantum electrochemistry and solar energy conversion.","Design, fabricate, characterize and explore quantum nanostructured materials and devices, develop potential applications.","Literature review skills, hypothesis testing, lab skills, result analysis and presentation abilities.",Students work in pairs with supervision from senior research associate. Biweekly meetings with Prof. Dhirani.,"Minimum B+ GPA, enrolled in chemistry/physics/materials/engineering program. Lab experience preferred.","Resume/CV, Letter of Intent, Unofficial University Transcripts"
4609,Simulating Complexity Chaos and Emergence,ENV,School of the Environment,Brad Bass,Fall/Winter 2025-26 Y-course (1.0),9,"February 16, 2025","March 16, 2025",In Person,"Research in economic basis of social exclusion, urban form stability, and vertical ecosystem design using COBWEB simulation.","Literature review, systems diagrams, model refinement, teamwork, and participation in weekly lab meetings.","Research environment experience, mentoring, teamwork, leadership, critical thinking, communication skills, experimental design.","Training in all aspects of research process, simulation modeling, statistics, and optional training in model development and leadership.","Assessment based on area of study, technical skills, writing ability, and soft skills. Experience in economics, environmental studies, computer science considered assets.","Resume/CV, Letter of Intent, Unofficial University Transcripts"
4610,Perception of scenes in the real world and the visual arts,PSY,Psychology,Dirk Bernhardt-Walther,Fall/Winter 2025-26 Y-course (1.0),3,"February 16, 2025","March 16, 2025",In Person,"Exploring computational, cognitive and neural mechanisms of natural scene perception.","Programming experiments, computational analysis of images, conducting experiments, data analysis, writing research reports.","Experience with various software and hardware relevant for research, preparation for future research projects and graduate school.","Close work with senior lab members, training in software and hardware use, regular lab meetings.","Selection based on academic background, programming experience, and in-person interviews.","Resume/CV, Letter of Intent, Unofficial University Transcripts"
4611,Understanding Human Memory,PSY,Psychology,Katherine Duncan,"Fall/Winter 2025-26 Y-course (1.0), Summer 2025 Y-course (1.0)",3,"February 16, 2025","March 16, 2025",In Person,"Conducting cognitive experiments to study human memory using computerized tasks, eye-tracking, and/or fMRI.","Participating in lab meetings, literature review, participant recruitment, data collection, analysis, and optional programming.","Understanding of cognitive psychology methods, human memory, literature review skills, data analysis, and communication skills.","Close work with graduate student supervisor, faculty meetings at critical points, weekly lab meetings.","High performance in relevant coursework, communication skills, research interest, technical skills preferred.","Resume/CV, Letter of Intent, Unofficial University Transcripts"
4612,How does the brain support memory?,PSY,Psychology,Morgan Barense,"Fall/Winter 2025-26 Y-course (1.0), Summer 2025 Y-course (1.0)",4,"February 16, 2025","March 16, 2025",Hybrid,"Investigating memory loss and perception in amnesia patients, testing rehabilitative strategies.","Literature review, lab meeting attendance, experiment design, data collection, analysis, and result preparation.","Scientific process experience, experimental design skills, statistical analysis, and scientific communication training.","Close work with faculty supervisor and direct supervisor, regular meetings, and supportive lab environment.",Seeking motivated students with strong academic background and scientific curiosity. Interview required.,"Resume/CV, Letter of Intent, Unofficial University Transcripts"
4613,Developing technology-based solutions to promote healthy aging,PSY,Psychology,Morgan Barense,"Fall/Winter 2025-26 Y-course (1.0), Summer 2025 Y-course (1.0)",2,"February 16, 2025","March 16, 2025",Hybrid,"Creating and evaluating technology solutions for healthy aging, integrating theory and lived perspectives of older adults.","Design and development of prototypes, data collection, analysis, and result preparation.","Skills in experimental design, intervention development, statistical analysis, and scientific communication.","Close work with faculty and direct supervisor, regular meetings, supportive lab environment.",Seeking motivated students with strong academic background and scientific curiosity. Interview required.,"Resume/CV, Letter of Intent, Unofficial University Transcripts"
4614,Epigenetic regulation of mammalian development,MGY,Molecular Genetics and Microbiology,Miguel Ramalho-Santos,"Fall/Winter 2025-26 Y-course (1.0), Summer 2025 Y-course (1.0), Winter 2026 H-course (0.5)",2,"February 16, 2025","March 16, 2025",In Person,Various projects studying molecular mechanisms in early mammalian development and environmental effects during pregnancy.,"Performing bench experiments, analyzing data, reading scientific papers, and becoming more autonomous with time.","Lab research experience, molecular and cellular techniques, critical thinking, and troubleshooting skills.","Direct mentorship from postdoc or senior graduate student, routine meetings with professor.","Selection based on letter of intent, GPA, lab experience, and possible interview.","Resume/CV, Letter of Intent, Unofficial University Transcripts"
4615,LDL transcytosis by coronary endothelial cells and the initiation of atherosclerosis,BCH,Biochemistry,Warren Lee,"Fall/Winter 2025-26 Y-course (1.0), Summer 2025 Y-course (1.0)",2,"February 16, 2025","March 16, 2025",In Person,Studying how LDL crosses endothelial monolayer in atherosclerosis using novel assays and imaging techniques.,"Assisting senior graduate student with experiments, preparing reports, attending lab meetings, maintaining lab notebook.","Principles of cell biology research, presentation and critical thinking skills.",Students paired with senior graduate student and weekly/bi-weekly supervisor meetings.,"Academic record, interest in fundamental research, wet bench experience, interview required.","Resume/CV, Letter of Intent, Unofficial University Transcripts"
4616,Artificial Intelligence and Machine Learning in Medical Imaging Research,STA,Statistical Sciences,Tyrrell Pascal,"Fall/Winter 2025-26 Y-course (1.0), Summer 2025 Y-course (1.0)",3,"February 16, 2025","March 16, 2025",Not specified,"In the realm of medical imaging, the application of machine learning confronts a critical hurdle: working with limited data. This project ventures into the domain of innovating AI/ML methodologies specifically tailored to confront this challenge.","Undergraduate participants will engage in a structured research education program designed to immerse them in various facets of medical imaging research. This includes hands-on mentorship with faculty, active participation in seminars, discussions, and direct involvement in research activities.","Throughout the program, students will acquire a nuanced understanding of research development and the practical application of medical advances in medical imaging.","The program will offer students hands-on mentorship by faculty, facilitating their immersion into innovative AI/ML methodologies specifically tailored to tackle the challenges posed by limited data in medical imaging.","Students should have successfully completed at least 0.5 credits of STA courses and 0.5 credits of CSC courses to be considered. Preference will be given to students with an interest and experience in medical research, AI/ML, and Biostatistics.","Resume/CV, Letter of Intent, Unofficial University Transcripts"
4617,Development and application of innovative radiopharmaceuticals for the diagnosis and assessment of treatment in neuropsychiatric and neurodegenerative disorders,PCL,Pharmacology and Toxicology (Temerty),Chao Zheng,"Fall/Winter 2025-26 Y-course (1.0), Summer 2025 Y-course (1.0)",2,"February 16, 2025","March 16, 2025",In Person,"Positron emission tomography (PET) is a cutting-edge molecular imaging technique that enables the noninvasive visualization, characterization, and quantification of biological processes at cellular and molecular levels.","Literature review and reporting, experiment design and execution, presentation, et al.","develop expertise in literature review; obtain hands-on experience in the synthesis of chemical probes and the application of radiopharmaceuticals; involve in research on radiolabeling techniques and perform PET imaging diagnostics and drug development studies in preclinical animal models; have the opportunity to contribute to significant research results, potentially leading to authorship in journal publications or conference presentations","Research group meeting, one-on-one meeting, hands-on training from mentor, collaborators, postdoctoral fellow, and graduate students, et al.","The candidate for this position is expected to be highly self-motivated. A strong background in organic chemistry, medicinal chemistry, or neuroscience is an asset. Additionally, the candidate is expected to have good written and oral communication skills and ability to design and execute experiments","Resume/CV, Letter of Intent, Unofficial University Transcripts"
4618,Development of Moral and Social Cognition,PSY,Psychology,Christina Starmans,"Fall/Winter 2025-26 Y-course (1.0), Summer 2025 Y-course (1.0)",4,"February 16, 2025","March 16, 2025",In Person,At the StarLab for Mind and Development we investigate how children and adults reason about the social and moral world.,"Students will work closely with the faculty supervisor and lab members, will participate in regular lab meetings, and will spend approximately 20 hrs/week (summer) or 10 hrs/week (fall/winter) working on lab-related tasks.",Students will gain important experience working in a research lab and having a significant role in a research project.,Students will work closely with the faculty supervisor and one or more senior lab members on a research project.,"Students should be enthusiastic, self-motivated, detail-oriented, and comfortable interacting with both children and adults.","Resume/CV, Letter of Intent, Unofficial University Transcripts"
4619,The neural bases of predictive learning,PSY,Psychology,Laura Corbit,"Fall/Winter 2025-26 Y-course (1.0), Summer 2025 Y-course (1.0)",2,"February 16, 2025","March 16, 2025",In Person,We are conducting behavioural experiments to evaluate methods for improving behavioural extinction as a means of removing unwanted behaviours.,Students will have the opportunity to participate in all steps of a behavioural neuroscience experiment.,"Students will learn about animal models of neuropsychiatric disease, develop skills in rodent handling and behavioural assessments.","Students will become part of a team including Dr. Corbit, several PhD students and undergraduate thesis students in the lab.","Research interests and training goals, related experience, GPA","Resume/CV, Letter of Intent, Unofficial University Transcripts"
4620,Precision measurement using disorder,PHY,Physics,Boris Braverman,"Fall/Winter 2025-26 Y-course (1.0), Summer 2025 Y-course (1.0)",1,"February 16, 2025","March 16, 2025",In Person,Optical cavities comprised of mirrors with low absorption and scattering loss are key building blocks for precision laser stabilization.,"In this course, the student will study the spectral response of multipath optical interferometers.","In this course, the student will develop their understanding of optics and optical systems, build skills in numerical modeling.",The student will be supervised on a day-to-day basis by a graduate student working on the project.,"Programming (Python), Strong mathematical background, Lab/DIY electronics experience are a plus.","Resume/CV, Letter of Intent, Unofficial University Transcripts"
4621,Optimal filtering of spatial modes of light,PHY,Physics,Boris Braverman,"Fall/Winter 2025-26 Y-course (1.0), Summer 2025 Y-course (1.0)",1,"February 16, 2025","March 16, 2025",In Person,A common challenge in laser physics is mode cleaning: increasing the coherence of a beam of light by suppressing or eliminating higher-order modes.,"In this project, the student will simulate a generalized version of the spatial filter.","In this course, the student will develop their understanding of spatial modes of light and optical systems.",The student will be supervised on a day-to-day basis by a graduate student working on the project.,"Programming (Python), Optics lab/DIY electronics experience are a plus, Strong mathematical background.","Resume/CV, Letter of Intent, Unofficial University Transcripts"
4622,Molecular dialogue between plants and fungi,CSB,Cell and Systems Biology,Shelley Lumba,"Fall/Winter 2025-26 Y-course (1.0), Summer 2025 Y-course (1.0)",3,"February 16, 2025","March 16, 2025",In Person,Plants and fungi have evolved a chemical 'language of life' to coordinate their exchange of nutrients.,Students will be involved in isolating and characterizing yeast mutants and screening mutagenized Arabidopsis populations.,Students will learn principles of genetic analysis and the logic of signalling pathways.,"Supervision, training, and mentoring by faculty supervisor in collaboration with postdocs and grad students.","Cover letter review, transcript review, previous lab experience is an advantage.","Resume/CV, Letter of Intent, Unofficial University Transcripts"
4624,Machine learning in mechanical ventilation,PSL,Physiology,Haibo Zhang,Fall/Winter 2025-26 Y-course (1.0),2,"February 16, 2025","March 16, 2025",Hybrid,"Critically ill patients often necessitate mechanical ventilation as a life-saving intervention, but mechanical ventilation itself can lead to ventilator-induced lung injury.",The student will analyze an extensive dataset comprising μ-CT and EIT data using machine learning algorithms.,The development of an algorithm to identify optimal ventilatory strategies in mechanically ventilated patients.,The student will actively engage in the project under the mentorship of a PhD student and a recent MSc graduate.,"Machine Learning Expertise, Bioimaging Techniques knowledge, Team Collaboration skills, Communication Skills.","Resume/CV, Letter of Intent, Unofficial University Transcripts"
4625,"Politics & Society in China, Greater China and Southeast Asia",POL,Political Science,Lynette Ong,"Fall/Winter 2025-26 Y-course (1.0), Summer 2025 Y-course (1.0)",2,"February 16, 2025","March 16, 2025",Remote,"ROP students will be involved in data coding, literature review and analysis, interview transcription and providing personal assistance.","Data coding and analysis, Literature review and analysis.",Students get to learn about the politics and society of particular countries and opportunity to learn and apply quantitative skills.,Faculty works with a graduate student supervisor to provide training and guidance.,"Machine learning or programming skills, fluency in Chinese, familiarity of or interest in Chinese and Asian Politics, team player, diligence. GPA 3.6 and above.","Resume/CV, Letter of Intent, Unofficial University Transcripts"
4626,Visualizing Worldviews: Integrating History and Philosophy of Science in Practice,VIC,Victoria College,Hakob Barseghyan,Fall/Winter 2025-26 Y-course (1.0),6,"February 16, 2025","March 16, 2025",Hybrid,Student-researchers with interests in history and philosophy of science are invited to join a team working on the advancement of our knowledge of the process of scientific change.,"The main output is a co-authored research paper. Students will formulate research questions, write proposals, and learn systematic note-taking.","Understanding intricacies of scientific change knowledge, mastering diagrammatic notation, understanding team's role in digital workflow.",Seven weeks of initial training followed by weekly group meetings and activities.,"Solid analytic skills, knowledge of philosophy of science concepts, prior knowledge of history of science is an asset.","Resume/CV, Letter of Intent, Unofficial University Transcripts"
4627,The role of NOD1 in obesity-associated diabetes,PSL,Physiology,Adria Giacca,"Fall/Winter 2025-26 Y-course (1.0), Summer 2025 Y-course (1.0)",2,"February 16, 2025","March 16, 2025",Hybrid,Type 2 diabetes is characterized by impaired response of the body's tissues to insulin and impaired production of insulin from pancreatic beta cells.,Students will learn genotyping and breeding techniques for tissue-specific knockout mice.,The student will search relevant literature and enhance writing and presentation skills.,Grad students and senior lab members will train the ROP students bench skills and knowledge.,"GPA, prior research experience, interaction skills","Resume/CV, Letter of Intent, Unofficial University Transcripts"
4628,Social Others,PSY,Psychology,William Cunningham,Fall/Winter 2025-26 Y-course (1.0),4,"February 16, 2025","March 16, 2025",Hybrid,The project is about developing the intersection of artificial intelligence (AI) and social cognition using reinforcement learning (RL).,"Students will create user interfaces, design RL environments, train CPU players, and analyze game data.",Students will gain valuable research skills and experience in oral/written communication and teamwork.,"Students will work closely with faculty supervisor, graduate students, and other lab members.","Students should be pursuing studies in computer science, cognitive science, or related fields with interest in reinforcement learning and Python programming.","Resume/CV, Letter of Intent, Unofficial University Transcripts"
4629,Genetic analysis of synaptic transmission in C. elegans,PSL,Physiology,Shuzo Sugita,"Fall/Winter 2025-26 Y-course (1.0), Summer 2025 Y-course (1.0)",2,"February 16, 2025","March 16, 2025",In Person,Synaptic transmission is essential for neuronal communication in the brain.,"ROP students will be involved in genotyping, behavioral, pharmacological, and morphological assays.",Students will learn about genetic interactions among regulatory proteins and behavioral/pharmacological assay techniques.,"PI and graduate students will teach and mentor ROP students about molecular biology, genetics, and behavioral assays.","GPA, interest in research","Resume/CV, Letter of Intent, Unofficial University Transcripts"
4630,Heterogeneity and the Immune Response in Breast Cancer,LMP,Laboratory Medicine and Pathobiology (Temerty),Susan Done,Fall/Winter 2025-26 Y-course (1.0),1,"February 16, 2025","March 16, 2025",In Person,Through analysis of circulating tumour cells (CTCs) from breast cancer patients we have identified a distinctive 'CTC-signature'.,The student will measure tumour heterogeneity using various molecular techniques and analyze data.,The student will develop understanding of research studies in molecular pathology and molecular oncology.,"The student will learn current molecular pathology techniques under supervision of pathologist, graduate students and technician.","GPA, previous lab experience, interest in scientific discovery and cancer biology.","Resume/CV, Letter of Intent, Unofficial University Transcripts"
4631,Mechanisms of cell adhesion signaling,CSB,Cell and Systems Biology,Sergey Plotnikov,Fall/Winter 2025-26 Y-course (1.0),2,"February 16, 2025","March 16, 2025",In Person,"In this ROP project, students will elucidate the molecular mechanism signaling disassembly of focal adhesions through protein degradation by the protease calpain. The project aims to test the role of cellular forces in inducing influx of calcium, a calpain activator, for adhesion protein degradation.","Attend weekly lab meetings and seminars, conduct literature review, perform wet lab and microscopy experiments, collect and analyze data, meet with graduate mentor, handle and maintain live cell culture specimen.","Students will learn to identify/analyze primary research articles, choose appropriate experiments, gain technical skills in cell culture/biochemistry/microscopy, and communicate research findings.","Students will be trained, mentored, and supervised by a PhD student under guidance of the professor. This includes literature selection, experimental techniques, data analysis and interpretation, and presentation building.","Good academic standing (most recent year GPA >3.5), strong communication, good time management, ability to learn hands-on skills, and life science major required.","Resume/CV, Letter of Intent, Unofficial University Transcripts"
4632,Revealing the Galaxy Formation and the Nature of Dark Matter with Galactic Archaeology,AST,Astronomy and Astrophysics,Ting Li,Summer 2025 Y-course (1.0),4,"February 16, 2025","March 16, 2025",In Person,Students will work on one of two sub-projects: 1) Searching for Stellar Streams with Large Scale Spectroscopic Survey Data or 2) The Chemodynamical Evolution of the Smallest Galaxies.,"Students will engage in Python programming to analyze and visualize astronomical data, create Bayesian frameworks, attend regular meetings, and present at weekly research group meetings.","Students will gain familiarity with scientific literature, expertise in astrostatistical techniques, understanding of dwarf galaxies and stellar streams, and proficiency in Python for research.","Students receive comprehensive training, regular one-on-one meetings, and weekly group meetings. Projects offer immersion in interdisciplinary environments and potential participation in international networks.","Knowledge of astronomy or strong interest, familiarity with Python programming, interest in Bayesian statistics, effective communication skills, ability to work collaboratively.","Resume/CV, Letter of Intent, Unofficial University Transcripts"
4634,The Role of Language and Identity among Ethnic Minority Individuals,PSY,Psychology,Odilia Yim,Fall/Winter 2025-26 Y-course (1.0),2,"February 16, 2025","March 16, 2025",Hybrid,"Research on how language is associated with ethnic identity and ingroup solidarity, particularly focusing on bilinguals and biculturals.","Review current theories and research studies in social psychology, prepare literature review, prepare draft ethics application.","Students will develop critical thinking skills, synthesis and summarization abilities, time management, and communication skills.","Regular interaction with research team, in-person discussions and lab meetings, training in various theories and methodologies.",Students enrolled in Psychology Specialist or Major preferred. Previous research experience and/or completed relevant coursework in social psychology preferred. Minimum B+ grade average preferred.,"Resume/CV, Letter of Intent, Unofficial University Transcripts"
4635,Discovering pathways of pediatric inflammatory bowel disease through multi-species genetics,MGY,Molecular Genetics and Microbiology,Marc Meneghini,Fall/Winter 2025-26 Y-course (1.0),2,"February 16, 2025","March 16, 2025",In Person,Students will learn molecular and genetic techniques to engineer mutations and assess their functions.,"Under PhD student supervision, engineer mutations into plasmids, introduce plasmids into yeast strains, and assess mutant functions.",Students will gain mastery in molecular genetic techniques applicable to many research questions in life sciences.,"Close work with supervisor and senior lab members, participation in weekly lab meetings, opportunities to present findings.",Prospective students should have a 3.5 minimum GPA and enthusiastic interest in molecular biology and genetics.,"Resume/CV, Letter of Intent, Unofficial University Transcripts"
4636,Events in language and cognition,LIN,Linguistics,Myrto Grigoroglou,Fall/Winter 2025-26 Y-course (1.0),3,"February 16, 2025","March 16, 2025",In Person,Examining how adult and child speakers of different languages describe complex visual stimuli across modalities.,"Participate in research process from stimuli creation to data analysis, attend lab meetings, work with lab PI and members.","Gain theoretical and practical research experience, familiarity with linguistic theories, experimental design skills, and collaboration abilities.","Supervised by PI, lab manager, and graduate students. Weekly meetings with supervisor and separate lab meetings with PI.","Applications reviewed based on GPA, relevant courses, prior research experience, and statistical software skills. Top candidates interviewed.","Resume/CV, Letter of Intent, Unofficial University Transcripts"
4637,The Science of Snap Judgments,PSY,Psychology,Nicholas Rule,"Fall/Winter 2025-26 Y-course (1.0), Summer 2025 Y-course (1.0)",3,"February 16, 2025","March 16, 2025",Hybrid,"Research on how people form impressions of others in fractions of a second, exploring cues related to judgments.","Literature review, experimental design, data collection, recruitment, data analysis, and research writing.","Gain skills in critical thinking, experimental design, data collection, analysis techniques, oral presentations, and APA writing.","Collaborative work with lab members, attendance at regular lab meetings required.","GPA, course history, and academic interests considered from application materials.","Resume/CV, Letter of Intent, Unofficial University Transcripts"
4638,The Science of a Good Life,PSY,Psychology,Felix Cheung,Fall/Winter 2025-26 Y-course (1.0),3,"February 16, 2025","March 16, 2025",Hybrid,"Research on determinants, consequences, and policy relevance of satisfying, purposeful, and engaging life using large datasets.","Conduct literature review, contribute to lab meetings, prepare materials and ethics applications, analyze datasets, summarize findings.","Gain skills in data management, statistical analysis, and data visualization.","Regular meetings to discuss progress and roadblocks, ensuring necessary resources and training.","Background in psychology, public health, economics, or related social sciences, prior research experience, coding skills.","Resume/CV, Letter of Intent, Unofficial University Transcripts"
4640,Advanced two-dimensional materials assembly and characterization,PHY,Physics,Sergio de la Barrera,"Fall/Winter 2025-26 Y-course (1.0), Summer 2025 Y-course (1.0)",3,"February 16, 2025","March 16, 2025",In Person,Research on building layered structures of two-dimensional materials for microscopic electronic devices.,"Contribute to lab culture, work cooperatively, attend meetings, present research, meet benchmarks, manage equipment.","Learn about two-dimensional materials research, quantum physics, advanced assembly techniques, and technical writing/presentation skills.","Weekly group meetings, regular one-on-one meetings, work with existing lab members.","Recommended prerequisites: PHY256, PHY224 or equivalent lab experience.","Resume/CV, Letter of Intent, Unofficial University Transcripts"
4673,"Regulation of brain neuropeptides by nutrients, chemicals, and hormones",PSL,Physiology,Denise Belsham,"Fall/Winter 2025-26 Y-course (1.0), Summer 2025 Y-course (1.0)",2,"February 16, 2025","March 16, 2025",In Person,"Study of cell biology of specific neuropeptide-secreting neurons from the hypothalamus, focusing on molecular mechanisms.","Training in molecular events in hypothalamic neurons, using RT-PCR and siRNA technologies, western blot analysis.",Techniques are established in laboratory with potential for publication involvement.,"Training in routine techniques, independent project assignment, daily supervision by senior trainee, weekly lab meetings.","Strong academic background, physiology knowledge preferred, research experience positive but not critical.","Resume/CV, Letter of Intent, Unofficial University Transcripts"
4674,Simulating the Impact of Vegetation on the Urban Heat Island,ENV,School of the Environment,Brad Bass,Fall/Winter 2025-26 Y-course (1.0),3,"February 16, 2025","March 16, 2025",In Person,Research on urban heat island effects and the impact of vegetation using ENVIMet software.,"Literature review, software modeling, team collaboration, professional communication.","Experience in research environment, mentoring, teamwork, leadership, communication skills, experimental design.","Training in all aspects of research process, simulation modeling, writing feedback, interaction with professionals.","Assessment based on area of study, technical skills, writing ability, and soft skills. Course work in environmental studies, science, ecology, math/physics considered assets.","Resume/CV, Letter of Intent, Unofficial University Transcripts"
4675,Expression and purification of antibodies,CHM,Chemistry,Haissi Cui,Summer 2025 Y-course (1.0),1,"February 16, 2025","March 16, 2025",In Person,Research on antibody expression and purification for molecular biology techniques.,"Design plasmids, perform molecular cloning, transfect cells, purify antibodies, maintain lab environment.","Gain research experience in interdisciplinary lab environment, molecular biology and biochemistry skills.","Close collaboration with PhD student, weekly faculty meetings, participation in group meetings.",Preference for Chemistry and life sciences students. Lab experience advantageous but not required.,"Resume/CV, Letter of Intent, Unofficial University Transcripts"
4676,Nonreciprocal Optical Cavities,PHY,Physics,Boris Braverman,"Fall/Winter 2025-26 Y-course (1.0), Summer 2025 Y-course (1.0)",1,"February 16, 2025","March 16, 2025",In Person,Design and testing of low-loss non-reciprocal optical elements in laser power enhancement cavity.,"Design and build optical elements, test and characterize performance in optical ring cavity.","Develop understanding of optics systems, numerical modeling skills, experimental techniques.","Daily supervision by graduate student, weekly meetings with professor.","Hands-on lab experience preferred, programming skills (Python), solid mathematical background.","Resume/CV, Letter of Intent, Unofficial University Transcripts"
4677,Unveiling Hidden Partnerships: Bioinformatic Identification of Bacterial Communities in Fungi,CSB,Cell and Systems Biology,Shelley Lumba,"Fall/Winter 2025-26 Y-course (1.0), Summer 2025 Y-course (1.0)",1,"February 16, 2025","March 16, 2025",In Person,Research on identifying and analyzing bacterial communities within fungal genomic datasets.,"Develop bioinformatic workflow, analyze sequences, construct phylogenetic trees, attend meetings.","Develop experience in bioinformatics, genomic analysis, data visualization, scientific communication.","Supervision by PI and senior lab members, weekly meetings, presentation opportunities.","Interest in research topic, competence in genetics/molecular biology/chemistry, lab experience advantageous.","Resume/CV, Letter of Intent, Unofficial University Transcripts"
4678,Building and Employing a Novel C. elegans Strain to Use in a Drug Development Pipeline,MGY,Molecular Genetics and Microbiology,Peter Roy,Summer 2025 Y-course (1.0),1,"February 16, 2025","March 16, 2025",In Person,Our lab is developing novel nematicides and insecticides for the treatment of parasites and vectors of disease. We are focused on developing compounds that are bioactivated by cytochrome P450s into lethal products that kill the targeted organism.,"The ROP student will use CRISPR-based technology to create a degron allele of the C. elegans cytochrome P450 POR co-factor EMB-8. The student will be responsible for using molecular biology to build the necessary DNA constructs, inject the nematodes with the constructs, create the required worm strain, and perform dose-response analyses.","The ROP student will learn how to work in a lab focused on drug development and genetics, molecular biology, animal husbandry, how to carry out tests with candidate drugs and model systems, and how to communicate their science effectively.","The ROP student will be mentored in the lab by other lab personnel, including graduate students, a post-doc, and the lab manager. The ROP student will receive high level mentorship from the professor through weekly meetings and feedback.",Must have a GPA of 3.3 or greater. Must have demonstrated track record of commitment to an endeavour.,"Resume/CV, Letter of Intent, Unofficial University Transcripts"
4679,Data Analysis of Air Quality Pollutants and Greenhouse Gases in the Greater Toronto Area,CHM,Chemistry,Jennifer Murphy & Debra Wunch,Fall/Winter 2025-26 Y-course (1.0),9,"February 16, 2025","March 16, 2025",Hybrid,"This ROP will connect students with the Toronto Atmospheric Monitoring Experiment, which seeks to understand the greenhouse gas and air pollutant emissions across the Greater Toronto Area.","After learning introductory information about the TAME project, each student will choose a research question related to its goals, and determine how to use the existing measurements to answer that question.","Students will learn about emission sources of greenhouse gases and air pollutants, and develop skills in experimental design, data analysis, and data visualization.",The students will have regular weekly meetings with a graduate student and/or research scientist involved in TAME who will offer training in data analysis and visualization (in Python or R).,Students should have completed 1.0 credits of chemistry and 1.0 credits of physics and have some experience (or interest) in the analysis and visualization of large datasets.,"Resume/CV, Letter of Intent, Unofficial University Transcripts"
4680,Word Learning in Bilingual Children,PSY,Psychology,Mireille Babineau,"Fall/Winter 2025-26 Y-course (1.0), Summer 2025 Y-course (1.0)",2,"February 16, 2025","March 16, 2025",Hybrid,This hands-on research course explores the cognitive and linguistic processes involved in word learning among bilingual children.,"Engage with relevant literature, participate in meetings and discussions, develop and prepare stimuli, learn research software, support study design, recruit participants, test study with participants, data collection & management.","Understand others, self-directed learning, professionalism, skills in project management & oral communication, integration: connecting ideas, written skills, knowledge translation, learning about self.","Individual meetings bi-monthly, Small group meetings weekly, Lab meetings bi-monthly, Targeted training with senior research assistant as needed.",Knowledge of child development required: PSY210 completed or similar course. Background or interest in linguistics is an asset.,"Resume/CV, Letter of Intent, Unofficial University Transcripts"
4681,Surveying approaches and tools in computer systems education,CSC,Computer Science,Mario Badr,Fall/Winter 2025-26 Y-course (1.0),3,"February 16, 2025","March 16, 2025",Hybrid,How have undergraduate courses in computer systems evolved over time? Have they kept pace with the complexity and new ideas introduced or is there a strict focus on the fundamentals?,"Student will read, summarise, and classify academic papers in computer systems education; find open courseware on computer systems; and review student-centred tools used in computer systems education.","By the end of this course, students will be able to survey a field systematically, create a taxonomy of the surveyed field, and identify trends and anomalies in surveyed data.",Students will meet bi-weekly with the professor to report milestone progress. The professor will give feedback on artifacts and deliverables to incrementally improve them over the course.,Students must have an interest and passion for computer science education. Completing courses on computer systems and organization is an asset. Must be comfortable collecting and analysing data.,"Resume/CV, Letter of Intent, Unofficial University Transcripts"
4683,Investigating new therapeutic strategies in lung cancer,LMP,Laboratory Medicine and Pathobiology (Temerty),Kelsie Thu,Fall/Winter 2025-26 Y-course (1.0),1,"February 16, 2025","March 16, 2025",In Person,Our lab has identified new therapeutic strategies for treating lung cancer. The research objective is to contribute to experiments that will determine whether inhibition of these targets effectively kills lung cancer cells or lung tumors in mice.,"The ROP student will be trained to assist and/or independently conduct experiments required for the project. The student will participate in discussions regarding experiment design, data analysis and interpretation.","Through this ROP experience, the student will practice the scientific method, develop critical thinking and analytical skills, and develop basic laboratory skills in cell and molecular biology.",The student will meet biweekly with the supervisor and will work under the direct guidance/mentorship of a senior PhD student in the Thu Lab.,"Prior laboratory experience would be beneficial but mainly looking for a highly motivated, hard-working, team player who is committed to the project. Preference may be given to individuals willing to work with mice.","Resume/CV, Letter of Intent, Unofficial University Transcripts"
4684,"Neurocognitive development, socioemotional wellbeing, and learning",OISE,Ontario Institute for Studies in Education,Kaja Jasinska,"Fall/Winter 2025-26 Y-course (1.0), Summer 2025 Y-course (1.0)",1,"February 16, 2025","March 16, 2025",In Person,"Student will have the opportunity to work across three related research areas examining refugee children's learning, impacts of cash transfers on child labor and education in Côte d'Ivoire, and technology-enabled accelerated learning for displaced children in Nigeria.",The student will be responsible for supporting data collection and contributing to data analysis and manuscript preparation. The student will participate in weekly lab meetings and journal club.,"Students can expect to gain foundational knowledge in language and reading development, research ethics, and gain hands-on experience in data collection using behavioral and neuroimaging techniques.",The student will receive feedback each week on ongoing work in meetings with faculty member and other lab members.,"GPA of 3.0 or above. Coursework in developmental or cognitive psychology, linguistics, neuroscience, and/or statistics is preferred. Preference for students who speak Arabic, Pashto, or Dari.","Resume/CV, Letter of Intent, Unofficial University Transcripts"
4685,Heritage Language speakers in Variationist Sociolinguistics,LIN,Linguistics,Naomi Nagy,Fall/Winter 2025-26 Y-course (1.0),4,"February 16, 2025","March 16, 2025",In Person,The Heritage Language Variation and Change Project documents and describes heritage languages spoken by immigrants and two generations of their descendants in Toronto.,"ROP students' research tasks will include recruiting & interviewing speakers, learning to use ELAN for transcriptions, finding examples of linguistic patterns, preparing examples for quantitative analysis, and conducting research about language communities.",Each student will learn to prepare an abstract and a research paper and contribute to at least one conference presentation or poster. Analytic and expressive skills will be developed.,"The first semester will use weekly group meetings with the faculty supervisor and/or lab manager. In the second semester, more independent work is anticipated, supported by biweekly group meetings.",Students must be fluent in one of the heritage languages being examined in the project. They also must have taken an introduction to linguistics course.,"Resume/CV, Letter of Intent, Unofficial University Transcripts"
4686,Reading Comprehension among Majority and Minority Language Children in French Immersion,OISE,Ontario Institute for Studies in Education,Becky Chen,"Fall/Winter 2025-26 Y-course (1.0), Summer 2025 Y-course (1.0)",8,"February 16, 2025","March 16, 2025",Hybrid,"For children in French Immersion, success in school is dependent on the ability to read for understanding in French and English. Our research program examines language skills, cross-language transfer, and executive functions in reading comprehension.","The assistance of students will be required in all aspects of the research, including literacy review, research design, data collection, entry, management and analysis, and knowledge mobilization activities.","Students will develop a good understanding of bilingual children's language and literacy development. They will acquire research skills in administering measures, coding data, and performing statistical analyses.",Students will work closely with faculty and graduate students. They will receive training sessions on research skills and workshops on literature review and data analyses.,We look for students who are interested in literacy research. The ability to speak and read French is highly valuable. Students who are detail oriented and have a strong work ethic are sought.,"Resume/CV, Letter of Intent, Unofficial University Transcripts"
4687,Brain circuitry supporting transitive inference,PSY,Psychology,Kaori Takehara,Summer 2025 Y-course (1.0),2,"February 16, 2025","March 16, 2025",In Person,Transitive inference enables us to predict relationships between items that have never been presented together based on previous learning. This project will monitor gene expression in brain cells in mice during transitive inference tasks.,"Students will work with a graduate student and assist during various experimental procedures, including training mice, processing brain tissues, microscopy imaging, and quantifying activated brain cells.",Students will form foundational knowledge of neurobiological mechanisms of memory and gain hands-on experiences in modern behavioural neuroscience research.,"First, ROP students take necessary lectures and hands-on courses for animal research. Then, graduate students provide training in specific procedures.",Students who received minimum A- in PSY100 and PSY290 with strong motivation for neurobiology research. Project involves daily contact with live mice.,"Resume/CV, Letter of Intent, Unofficial University Transcripts"
4688,Computational and Operational Principles of an Intact Neural System,PSL,Physiology,Mei Zhen,Fall/Winter 2025-26 Y-course (1.0),1,"February 16, 2025","March 16, 2025",In Person,C. elegans offers an ideal platform for studying how a nervous system develops and operates. This project focuses on using calcium imaging to investigate neuron contributions to behaviors.,The student will work with team members to implement machine learning approaches and establish an accessible pipeline for high-quality recordings of calcium activity in moving animals.,"Students will gain overview of state-of-the-art image processing, algorithm development, and statistical analysis pipelines, and understand their application to biological problems.",The student will be trained and work with team members and collaborators to understand scientific questions and analysis pipeline.,"Ideal candidates will be proficient in either image processing, algorithm development, or statistical analyses. Knowledge of programming is essential.","Resume/CV, Letter of Intent, Unofficial University Transcripts"
4691,Sodium leak channel NALCN's role in neural circuits and development,PSL,Physiology,Mei Zhen,Fall/Winter 2025-26 Y-course (1.0),1,"February 16, 2025","March 16, 2025",In Person,Sodium leak current is key in neuronal activity. This project explores NALCN channel's role in circuit level and development using wild-type and modified mice.,"The student will conduct mice colony maintenance, genotyping, behavioral experiments, RNA sequencing, staining & imaging of mice cerebellum slices, and data analysis.","The student will learn nervous system function from molecular to circuit level, and how neural circuit modulation influences behavior.",Training provided by TCP staff and graduate students. Weekly meeting opportunities with Professor available.,Looking for students interested in hands-on experiments or particularly good at data analysis and programming. GPA > 3.0.,"Resume/CV, Letter of Intent, Unofficial University Transcripts"
4692,Learning in the developing mind and brain,PSY,Psychology,Amy Finn,"Fall/Winter 2025-26 Y-course (1.0), Summer 2025 Y-course (1.0)",2,"February 16, 2025","March 16, 2025",In Person,"Projects investigate children's tendency to seek repetition and whether statistical learning is a continual process, examining how learning changes with cognitive and brain development.",ROP students' primary duties will be assisting with participant data collection and statistical analysis. Students will participate in laboratory meetings and discussions.,"Students will gain skills in experimental design, research, and communication. They will learn to collect, organize, analyze and present research.","Students will have weekly meetings with supervisors, attend lab meetings and have opportunity to attend specialized training sessions.","Previous experience with children highly valued. Relevant coursework in psychology or neuroscience desired. Must be self-motivated, mature and excited about science!","Resume/CV, Letter of Intent, Unofficial University Transcripts"
4693,How does creativity develop?,PSY,Psychology,Margaret Mack,"Fall/Winter 2025-26 Y-course (1.0), Summer 2025 Y-course (1.0), Fall 2025 H-course (0.5)",1,"February 16, 2025","March 16, 2025",In Person,"This project examines developmental changes in creativity's relationship with memory and learning, using fNIRS to study neural correlates in adults and children.","Students will assist with participant recruitment, data collection, experimental design, data analysis, and results interpretation.",Students will develop understanding of creativity development and gain experience in developmental cognitive neuroscience research methods.,"Students will be directly supervised by graduate student or postdoc mentor, with regular meetings and feedback.",Looking for ambitious and dedicated students comfortable working with children. Programming experience an asset but not required.,"Resume/CV, Letter of Intent, Unofficial University Transcripts"
4694,Molecular modulation of reproductive success - from egg to placenta,PSL,Physiology,Andrea Jurisicova,"Fall/Winter 2025-26 Y-course (1.0), Summer 2025 Y-course (1.0)",5,"February 16, 2025","March 16, 2025",In Person,Research examines how aging and genetic modifications affect oocyte development and trophoblast function in reproduction.,"Students will perform experiments including animal genotyping, isolation of biological samples, and molecular analysis of cellular outcomes.","Students will learn various laboratory techniques and develop abilities in troubleshooting, scientific literature comprehension, presentation, and manuscript writing.","Students work alongside professor and/or graduate student/postdoctoral fellow, with at least one direct mentor.","Looking for highly motivated, organized and dedicated student with high academic achievements and genuine research interest. Solid knowledge of genetics and molecular biology is a plus.","Resume/CV, Letter of Intent, Unofficial University Transcripts"
4697,Development of Novel 11C- and 18F-Labeled Radiochemistry Methods for PET Imaging,CHM,Chemistry,Chao Zheng,"Fall/Winter 2025-26 Y-course (1.0), Summer 2025 Y-course (1.0)",2,"February 16, 2025","February 17, 2025",In Person,This project explores the design and development of innovative 11C- and 18F-labeled radiochemistry methods for creating PET radiopharmaceuticals. The project emphasizes applications in central nervous system (CNS) disorders.,"The student will contribute to the development of cold and hot reactions for the fluorination and radiofluorination of small organic molecules. This will include extensive reaction optimization, isolation and characterization of products and translation of developed methods.","At the end of the ROP training period, the student would have gained experience in practical organic synthesis, handling of chemicals, reaction workup, isolation and characterization of products.",The ROP student is expected to be at the laboratory at least two consecutive days a week. Weekly group meetings and regular meetings with PI.,"The candidate for this position is expected to be highly self-motivated. A strong background in organic chemistry, medicinal chemistry, or neuroscience is an asset.","Resume/CV, Letter of Intent, Unofficial University Transcripts"
4698,Elucidating molecular structure by rotational spectroscopy and deep generative models,CHM,Chemistry,Alan Aspuru-Guzik,Summer 2025 Y-course (1.0),1,"February 16, 2025","March 16, 2025",Hybrid,The project focuses on structure elucidation using rotational spectroscopy and deep generative models to predict 3D molecular structure given molecular formula and moments of inertia.,This project is entirely computational. The student will use the already-trained generative model to elucidate the structure of given unknown molecules using Python scripts in a high-performance computing setting.,"The student will gain experience in deep learning and generative models in rotational spectroscopy setting, research experience, and improve presentation skills.","Regular meetings with graduate student mentors, weekly group meetings, and PI meetings.",Must have background in chemistry or computer science. Experience with python required. GPA of 3.0 or higher preferred.,"Resume/CV, Letter of Intent, Unofficial University Transcripts"
4699,Computational Chemistry for Catalysis,CHM,Chemistry,Alan Aspuru-Guzik,Summer 2025 Y-course (1.0),1,"February 16, 2025","March 16, 2025",Hybrid,Investigating the accuracy of computational chemistry methods in predicting reaction selectivity and studying palladium-catalyzed protodeboronation.,The student will learn how to use computational chemistry tools to investigate hypotheses and benchmark computational methods against experimental data.,Students will develop technical expertise in computational chemistry techniques and soft skills in research methodology.,"Regular meetings with mentors, participation in research group meetings, and PI meetings.","GPA, prior knowledge in organic chemistry, mechanistic analysis, interest in computational chemistry and minor coding","Resume/CV, Letter of Intent, Unofficial University Transcripts"
4700,Efficient Full CI representation of Coupled Cluster wavefunctions,CHM,Chemistry,Alan Aspuru-Guzik,Summer 2025 Y-course (1.0),1,"February 16, 2025","March 16, 2025",Hybrid,Project focuses on developing tools to efficiently represent Coupled Cluster wavefunctions for accuracy assessment and comparison with Full Configuration Interaction method.,"Literature review, algorithm development, data analysis, documentation, and collaboration with research team.","Students will gain expertise in quantum computing, research methodology, and scientific communication.","Weekly meetings with mentor, regular check-ins via Slack, and participation in group meetings.","GPA, strong linear algebra, strong programming skills. Familiarity with quantum computing and related libraries preferred.","Resume/CV, Letter of Intent, Unofficial University Transcripts"
4701,Theoretical and data science approaches for understanding the flexibility of metal-organic frameworks,CHM,Chemistry,Alan Aspuru-Guzik,Summer 2025 Y-course (1.0),1,"February 16, 2025","March 16, 2025",Hybrid,Research focuses on understanding the relationship between MOF structures and flexibility using density functional theory calculations and machine learning approaches.,"Students will perform DFT calculations, collect data, develop machine learning models, and collaborate with team members.","Students will gain hands-on knowledge of DFT calculations, machine learning, and research methodology.",Comprehensive training and regular supervision with mentors and PI.,"GPA, Self-motivated and quick to learn new concepts.","Resume/CV, Letter of Intent, Unofficial University Transcripts"
4702,Design of high-performance organic laser molecules,CHM,Chemistry,Alan Aspuru-Guzik,Summer 2025 Y-course (1.0),1,"February 16, 2025","March 16, 2025",Hybrid,Project focuses on discovering new organic laser molecules with improved performance through synthesis and characterization.,"Understanding molecular structures, defining new candidates, synthesis, and collaboration with team members.",Students will gain experience in organic synthesis and high-throughput screening methods.,"Comprehensive wet lab tutorial and training, regular supervision, and group meetings.",Basic understanding of Organic Chemistry required. Basic Python coding preferred.,"Resume/CV, Letter of Intent, Unofficial University Transcripts"
4703,Machine Learning methods for Molecular Aggregate Structure Prediction and Optical Property Correlation,CHM,Chemistry,Alan Aspuru-Guzik,Summer 2025 Y-course (1.0),1,"February 16, 2025","March 16, 2025",Hybrid,Research focuses on predicting molecular aggregation and properties using machine learning approaches.,"Literature review, algorithm development, data analysis, and results documentation.","Students will gain expertise in scientific literature, Python programming, and machine learning techniques.","Regular tutorials, guidance from graduate students and postdocs, and group meetings.",Highly motivated students majoring in chemistry or computer science. Experience with python required.,"Resume/CV, Letter of Intent, Unofficial University Transcripts"
4704,Planaria experiments for CSB328 laboratory,CSB,Cell and Systems Biology,Ritu Sarpal,Winter 2026 H-course (0.5),1,"February 16, 2025","March 16, 2025",In Person,Project aims to expand hands-on planaria laboratory for studying Wnt/beta-catenin pathway in tissue regeneration.,"Maintain planaria colony, prepare RNAi food, conduct experiments, and document protocols.","Students will learn experimental techniques, data analysis, and protocol documentation.",Professor Sarpal will meet with the student for 2-3 hours each week.,"minimum cGPA: 3.2, Pre-requisite: BIO230","Resume/CV, Letter of Intent, Unofficial University Transcripts"
4705,Robot Manipulation and Robot Learning for Self-Driving Labs,CSC,Computer Science,Alan Aspuru-Guzik,Summer 2025 Y-course (1.0),2,"February 16, 2025","March 16, 2025",Hybrid,Project develops software and hardware for robots to perform manipulation tasks in chemistry labs using vision and language inputs.,"Integrate equipment, experiment with ML models, and contribute to framework development.","Students will gain expertise in machine learning, robotics, and research methodology.",Regular meetings with mentors and participation in group meetings.,"Self-motivated, basic understanding of computer vision and ML, Python experience required.","Resume/CV, Letter of Intent, Unofficial University Transcripts"
4706,Quantum Circuits for Fermionic Transformations,CSC,Computer Science,Alan Aspuru-Guzik,Summer 2025 Y-course (1.0),1,"February 16, 2025","March 16, 2025",Hybrid,Project focuses on constructing quantum circuits for simulating quantum systems and testing them through numerical simulations.,"Perform research objectives, write code, and prepare final report.",Students will gain research skills in quantum computing and communication skills.,Weekly meetings with mentor and regular checkups via Slack.,"GPA, strong linear algebra, strong programming skills.","Resume/CV, Letter of Intent, Unofficial University Transcripts"
4707,Evaluating and Enhancing LLM's scientific understanding,CSC,Computer Science,Alan Aspuru-Guzik,Summer 2025 Y-course (1.0),1,"February 16, 2025","March 16, 2025",Hybrid,Research investigates differences between LLMs and humans in scientific understanding using GPQA dataset.,"Literature review, coding, paper writing, data collection, and result analysis.","Students will learn about LLMs, evaluation metrics, and paper writing skills.",Weekly meetings with mentor and participation in project meetings.,"Computer Science, chemistry, or cognitive science students. Multiple-discipline background preferred.","Resume/CV, Letter of Intent, Unofficial University Transcripts"
4708,Building a Theoretical Foundation for Multi-Agent Reinforcement Learning,CSC,Computer Science,Peter Marbach,Fall/Winter 2025-26 Y-course (1.0),4,"February 16, 2025","March 16, 2025",In Person,Project focuses on developing theoretical foundations for multi-agent reinforcement learning systems.,"Literature review, mathematical modeling, algorithm design, and experimental validation.",Students will gain understanding of MARL theory and practical implementation skills.,Weekly one-on-one mentorship and research team collaboration.,"Strong background in algorithm design, mathematics, and programming required.","Resume/CV, Letter of Intent, Unofficial University Transcripts"
4709,Song and Story. English Garlands and Songsters of the Eighteenth Century,HIS,History,Jennifer Mori,Summer 2025 Y-course (1.0),4,"February 16, 2025","March 16, 2025",Hybrid,Project investigates publication and reception of popular songbooks in eighteenth-century England.,"Online research, database entry, report preparation, and teamwork.","Students will learn to navigate databases, manage research data, and improve writing skills.","In-person classes May-June, online July onwards with weekly feedback.","Minimum GPA 3.0, background in 18th century British studies preferred.","Resume/CV, Letter of Intent, Unofficial University Transcripts"
4710,Automating knowledge graph construction using large language models,CSC,Computer Science,Alan Aspuru-Guzik,Summer 2025 Y-course (1.0),1,"February 16, 2025","March 16, 2025",Hybrid,Project explores using LLMs to automate creation of knowledge graphs for robotic arms based on action logs.,"Develop workflows, test effectiveness, validate representations, and deploy LLMs on robotic arms.",Students will gain expertise in ML techniques and hands-on robotics experience.,Regular discussions with mentor and participation in group meetings.,Background in chemistry or computer science required. Self-motivated with good GPA.,"Resume/CV, Letter of Intent, Unofficial University Transcripts"
